Workbook
Name ____NAV3: IF(tType="N","EV/Ebitda","Pre-Provision Profits")
Name tType: "N"

Sheet _meta
A1: wind_code | B1: name
A2: 0013.HK | B2: 和黄医药
A3: 0020.HK | B3: 商汤
A4: 0136.HK | B4: 中国儒意
A5: 0148.HK | B5: 建滔集团
A6: 0179.HK | B6: 德昌电机
A7: 0241.HK | B7: 阿里健康
A8: 0268.HK | B8: 金蝶国际
A9: 0285.HK | B9: 比亚迪电子
A10: 0303.HK | B10: VTECH
A11: 0354.HK | B11: 中软国际
A12: 0460.HK | B12: 四环医药
... A101: 9988.HK | B101: 阿里巴巴

Sheet panel
A1: 观测日期→ | B1: =TODAY()
A2: 代码 | B2: 日期 | C2: FY1净利润均值 | D2: FY1_EPS | E2: FY1机构数 | F2: FY1标准差 | G2: FY1中值 | H2: FY2净利润均值 | I2: FY2_EPS | J2: FY2机构数 | K2: FY2标准差 | L2: FY2中值 | M2: 收盘价 | N2: 成交量 | O2: 成交额 | P2: 换手率 | Q2: 滚动PE | R2: 总市值(亿)
A3: =_meta!A2 | B3: =$B$1 | C3: =[1]!s_west_netprofit($A3,YEAR($B3),$B3,180,1000000) | D3: =[1]!s_west_eps($A3,YEAR($B3),$B3,180) | E3: =[1]!s_west_instnum_np($A3,YEAR($B3),$B3,180) | F3: =[1]!s_west_stdnetprofit($A3,YEAR($B3),$B3,180,1000000) | G3: =[1]!s_west_mediannetprofit($A3,YEAR($B3),$B3,180,1000000) | H3: =[1]!s_west_netprofit($A3,YEAR($B3)+1,$B3,180,1000000) | I3: =[1]!s_west_eps($A3,YEAR($B3)+1,$B3,180) | J3: =[1]!s_west_instnum_np($A3,YEAR($B3)+1,$B3,180) | K3: =[1]!s_west_stdnetprofit($A3,YEAR($B3)+1,$B3,180,1000000) | L3: =[1]!s_west_mediannetprofit($A3,YEAR($B3)+1,$B3,180,1000000) | M3: =[1]!s_dq_close($A3,$B3,3) | N3: =[1]!s_dq_volume($A3,$B3) | O3: =[1]!s_dq_amount($A3,$B3) | P3: =[1]!s_dq_turn($A3,$B3) | Q3: =[1]!s_val_pe_ttm($A3,$B3) | R3: =[1]!S_VAL_MV($A3,$B3,100000000)
A4: =_meta!A3 | B4: =$B$1 | C4: =[1]!s_west_netprofit($A4,YEAR($B4),$B4,180,1000000) | D4: =[1]!s_west_eps($A4,YEAR($B4),$B4,180) | E4: =[1]!s_west_instnum_np($A4,YEAR($B4),$B4,180) | F4: =[1]!s_west_stdnetprofit($A4,YEAR($B4),$B4,180,1000000) | G4: =[1]!s_west_mediannetprofit($A4,YEAR($B4),$B4,180,1000000) | H4: =[1]!s_west_netprofit($A4,YEAR($B4)+1,$B4,180,1000000) | I4: =[1]!s_west_eps($A4,YEAR($B4)+1,$B4,180) | J4: =[1]!s_west_instnum_np($A4,YEAR($B4)+1,$B4,180) | K4: =[1]!s_west_stdnetprofit($A4,YEAR($B4)+1,$B4,180,1000000) | L4: =[1]!s_west_mediannetprofit($A4,YEAR($B4)+1,$B4,180,1000000) | M4: =[1]!s_dq_close($A4,$B4,3) | N4: =[1]!s_dq_volume($A4,$B4) | O4: =[1]!s_dq_amount($A4,$B4) | P4: =[1]!s_dq_turn($A4,$B4) | Q4: =[1]!s_val_pe_ttm($A4,$B4) | R4: =[1]!S_VAL_MV($A4,$B4,100000000)
A5: =_meta!A4 | B5: =$B$1 | C5: =[1]!s_west_netprofit($A5,YEAR($B5),$B5,180,1000000) | D5: =[1]!s_west_eps($A5,YEAR($B5),$B5,180) | E5: =[1]!s_west_instnum_np($A5,YEAR($B5),$B5,180) | F5: =[1]!s_west_stdnetprofit($A5,YEAR($B5),$B5,180,1000000) | G5: =[1]!s_west_mediannetprofit($A5,YEAR($B5),$B5,180,1000000) | H5: =[1]!s_west_netprofit($A5,YEAR($B5)+1,$B5,180,1000000) | I5: =[1]!s_west_eps($A5,YEAR($B5)+1,$B5,180) | J5: =[1]!s_west_instnum_np($A5,YEAR($B5)+1,$B5,180) | K5: =[1]!s_west_stdnetprofit($A5,YEAR($B5)+1,$B5,180,1000000) | L5: =[1]!s_west_mediannetprofit($A5,YEAR($B5)+1,$B5,180,1000000) | M5: =[1]!s_dq_close($A5,$B5,3) | N5: =[1]!s_dq_volume($A5,$B5) | O5: =[1]!s_dq_amount($A5,$B5) | P5: =[1]!s_dq_turn($A5,$B5) | Q5: =[1]!s_val_pe_ttm($A5,$B5) | R5: =[1]!S_VAL_MV($A5,$B5,100000000)
A6: =_meta!A5 | B6: =$B$1 | C6: =[1]!s_west_netprofit($A6,YEAR($B6),$B6,180,1000000) | D6: =[1]!s_west_eps($A6,YEAR($B6),$B6,180) | E6: =[1]!s_west_instnum_np($A6,YEAR($B6),$B6,180) | F6: =[1]!s_west_stdnetprofit($A6,YEAR($B6),$B6,180,1000000) | G6: =[1]!s_west_mediannetprofit($A6,YEAR($B6),$B6,180,1000000) | H6: =[1]!s_west_netprofit($A6,YEAR($B6)+1,$B6,180,1000000) | I6: =[1]!s_west_eps($A6,YEAR($B6)+1,$B6,180) | J6: =[1]!s_west_instnum_np($A6,YEAR($B6)+1,$B6,180) | K6: =[1]!s_west_stdnetprofit($A6,YEAR($B6)+1,$B6,180,1000000) | L6: =[1]!s_west_mediannetprofit($A6,YEAR($B6)+1,$B6,180,1000000) | M6: =[1]!s_dq_close($A6,$B6,3) | N6: =[1]!s_dq_volume($A6,$B6) | O6: =[1]!s_dq_amount($A6,$B6) | P6: =[1]!s_dq_turn($A6,$B6) | Q6: =[1]!s_val_pe_ttm($A6,$B6) | R6: =[1]!S_VAL_MV($A6,$B6,100000000)
A7: =_meta!A6 | B7: =$B$1 | C7: =[1]!s_west_netprofit($A7,YEAR($B7),$B7,180,1000000) | D7: =[1]!s_west_eps($A7,YEAR($B7),$B7,180) | E7: =[1]!s_west_instnum_np($A7,YEAR($B7),$B7,180) | F7: =[1]!s_west_stdnetprofit($A7,YEAR($B7),$B7,180,1000000) | G7: =[1]!s_west_mediannetprofit($A7,YEAR($B7),$B7,180,1000000) | H7: =[1]!s_west_netprofit($A7,YEAR($B7)+1,$B7,180,1000000) | I7: =[1]!s_west_eps($A7,YEAR($B7)+1,$B7,180) | J7: =[1]!s_west_instnum_np($A7,YEAR($B7)+1,$B7,180) | K7: =[1]!s_west_stdnetprofit($A7,YEAR($B7)+1,$B7,180,1000000) | L7: =[1]!s_west_mediannetprofit($A7,YEAR($B7)+1,$B7,180,1000000) | M7: =[1]!s_dq_close($A7,$B7,3) | N7: =[1]!s_dq_volume($A7,$B7) | O7: =[1]!s_dq_amount($A7,$B7) | P7: =[1]!s_dq_turn($A7,$B7) | Q7: =[1]!s_val_pe_ttm($A7,$B7) | R7: =[1]!S_VAL_MV($A7,$B7,100000000)
A8: =_meta!A7 | B8: =$B$1 | C8: =[1]!s_west_netprofit($A8,YEAR($B8),$B8,180,1000000) | D8: =[1]!s_west_eps($A8,YEAR($B8),$B8,180) | E8: =[1]!s_west_instnum_np($A8,YEAR($B8),$B8,180) | F8: =[1]!s_west_stdnetprofit($A8,YEAR($B8),$B8,180,1000000) | G8: =[1]!s_west_mediannetprofit($A8,YEAR($B8),$B8,180,1000000) | H8: =[1]!s_west_netprofit($A8,YEAR($B8)+1,$B8,180,1000000) | I8: =[1]!s_west_eps($A8,YEAR($B8)+1,$B8,180) | J8: =[1]!s_west_instnum_np($A8,YEAR($B8)+1,$B8,180) | K8: =[1]!s_west_stdnetprofit($A8,YEAR($B8)+1,$B8,180,1000000) | L8: =[1]!s_west_mediannetprofit($A8,YEAR($B8)+1,$B8,180,1000000) | M8: =[1]!s_dq_close($A8,$B8,3) | N8: =[1]!s_dq_volume($A8,$B8) | O8: =[1]!s_dq_amount($A8,$B8) | P8: =[1]!s_dq_turn($A8,$B8) | Q8: =[1]!s_val_pe_ttm($A8,$B8) | R8: =[1]!S_VAL_MV($A8,$B8,100000000)
A9: =_meta!A8 | B9: =$B$1 | C9: =[1]!s_west_netprofit($A9,YEAR($B9),$B9,180,1000000) | D9: =[1]!s_west_eps($A9,YEAR($B9),$B9,180) | E9: =[1]!s_west_instnum_np($A9,YEAR($B9),$B9,180) | F9: =[1]!s_west_stdnetprofit($A9,YEAR($B9),$B9,180,1000000) | G9: =[1]!s_west_mediannetprofit($A9,YEAR($B9),$B9,180,1000000) | H9: =[1]!s_west_netprofit($A9,YEAR($B9)+1,$B9,180,1000000) | I9: =[1]!s_west_eps($A9,YEAR($B9)+1,$B9,180) | J9: =[1]!s_west_instnum_np($A9,YEAR($B9)+1,$B9,180) | K9: =[1]!s_west_stdnetprofit($A9,YEAR($B9)+1,$B9,180,1000000) | L9: =[1]!s_west_mediannetprofit($A9,YEAR($B9)+1,$B9,180,1000000) | M9: =[1]!s_dq_close($A9,$B9,3) | N9: =[1]!s_dq_volume($A9,$B9) | O9: =[1]!s_dq_amount($A9,$B9) | P9: =[1]!s_dq_turn($A9,$B9) | Q9: =[1]!s_val_pe_ttm($A9,$B9) | R9: =[1]!S_VAL_MV($A9,$B9,100000000)
A10: =_meta!A9 | B10: =$B$1 | C10: =[1]!s_west_netprofit($A10,YEAR($B10),$B10,180,1000000) | D10: =[1]!s_west_eps($A10,YEAR($B10),$B10,180) | E10: =[1]!s_west_instnum_np($A10,YEAR($B10),$B10,180) | F10: =[1]!s_west_stdnetprofit($A10,YEAR($B10),$B10,180,1000000) | G10: =[1]!s_west_mediannetprofit($A10,YEAR($B10),$B10,180,1000000) | H10: =[1]!s_west_netprofit($A10,YEAR($B10)+1,$B10,180,1000000) | I10: =[1]!s_west_eps($A10,YEAR($B10)+1,$B10,180) | J10: =[1]!s_west_instnum_np($A10,YEAR($B10)+1,$B10,180) | K10: =[1]!s_west_stdnetprofit($A10,YEAR($B10)+1,$B10,180,1000000) | L10: =[1]!s_west_mediannetprofit($A10,YEAR($B10)+1,$B10,180,1000000) | M10: =[1]!s_dq_close($A10,$B10,3) | N10: =[1]!s_dq_volume($A10,$B10) | O10: =[1]!s_dq_amount($A10,$B10) | P10: =[1]!s_dq_turn($A10,$B10) | Q10: =[1]!s_val_pe_ttm($A10,$B10) | R10: =[1]!S_VAL_MV($A10,$B10,100000000)
A11: =_meta!A10 | B11: =$B$1 | C11: =[1]!s_west_netprofit($A11,YEAR($B11),$B11,180,1000000) | D11: =[1]!s_west_eps($A11,YEAR($B11),$B11,180) | E11: =[1]!s_west_instnum_np($A11,YEAR($B11),$B11,180) | F11: =[1]!s_west_stdnetprofit($A11,YEAR($B11),$B11,180,1000000) | G11: =[1]!s_west_mediannetprofit($A11,YEAR($B11),$B11,180,1000000) | H11: =[1]!s_west_netprofit($A11,YEAR($B11)+1,$B11,180,1000000) | I11: =[1]!s_west_eps($A11,YEAR($B11)+1,$B11,180) | J11: =[1]!s_west_instnum_np($A11,YEAR($B11)+1,$B11,180) | K11: =[1]!s_west_stdnetprofit($A11,YEAR($B11)+1,$B11,180,1000000) | L11: =[1]!s_west_mediannetprofit($A11,YEAR($B11)+1,$B11,180,1000000) | M11: =[1]!s_dq_close($A11,$B11,3) | N11: =[1]!s_dq_volume($A11,$B11) | O11: =[1]!s_dq_amount($A11,$B11) | P11: =[1]!s_dq_turn($A11,$B11) | Q11: =[1]!s_val_pe_ttm($A11,$B11) | R11: =[1]!S_VAL_MV($A11,$B11,100000000)
A12: =_meta!A11 | B12: =$B$1 | C12: =[1]!s_west_netprofit($A12,YEAR($B12),$B12,180,1000000) | D12: =[1]!s_west_eps($A12,YEAR($B12),$B12,180) | E12: =[1]!s_west_instnum_np($A12,YEAR($B12),$B12,180) | F12: =[1]!s_west_stdnetprofit($A12,YEAR($B12),$B12,180,1000000) | G12: =[1]!s_west_mediannetprofit($A12,YEAR($B12),$B12,180,1000000) | H12: =[1]!s_west_netprofit($A12,YEAR($B12)+1,$B12,180,1000000) | I12: =[1]!s_west_eps($A12,YEAR($B12)+1,$B12,180) | J12: =[1]!s_west_instnum_np($A12,YEAR($B12)+1,$B12,180) | K12: =[1]!s_west_stdnetprofit($A12,YEAR($B12)+1,$B12,180,1000000) | L12: =[1]!s_west_mediannetprofit($A12,YEAR($B12)+1,$B12,180,1000000) | M12: =[1]!s_dq_close($A12,$B12,3) | N12: =[1]!s_dq_volume($A12,$B12) | O12: =[1]!s_dq_amount($A12,$B12) | P12: =[1]!s_dq_turn($A12,$B12) | Q12: =[1]!s_val_pe_ttm($A12,$B12) | R12: =[1]!S_VAL_MV($A12,$B12,100000000)
A13: =_meta!A12 | B13: =$B$1 | C13: =[1]!s_west_netprofit($A13,YEAR($B13),$B13,180,1000000) | D13: =[1]!s_west_eps($A13,YEAR($B13),$B13,180) | E13: =[1]!s_west_instnum_np($A13,YEAR($B13),$B13,180) | F13: =[1]!s_west_stdnetprofit($A13,YEAR($B13),$B13,180,1000000) | G13: =[1]!s_west_mediannetprofit($A13,YEAR($B13),$B13,180,1000000) | H13: =[1]!s_west_netprofit($A13,YEAR($B13)+1,$B13,180,1000000) | I13: =[1]!s_west_eps($A13,YEAR($B13)+1,$B13,180) | J13: =[1]!s_west_instnum_np($A13,YEAR($B13)+1,$B13,180) | K13: =[1]!s_west_stdnetprofit($A13,YEAR($B13)+1,$B13,180,1000000) | L13: =[1]!s_west_mediannetprofit($A13,YEAR($B13)+1,$B13,180,1000000) | M13: =[1]!s_dq_close($A13,$B13,3) | N13: =[1]!s_dq_volume($A13,$B13) | O13: =[1]!s_dq_amount($A13,$B13) | P13: =[1]!s_dq_turn($A13,$B13) | Q13: =[1]!s_val_pe_ttm($A13,$B13) | R13: =[1]!S_VAL_MV($A13,$B13,100000000)
A14: =_meta!A13 | B14: =$B$1 | C14: =[1]!s_west_netprofit($A14,YEAR($B14),$B14,180,1000000) | D14: =[1]!s_west_eps($A14,YEAR($B14),$B14,180) | E14: =[1]!s_west_instnum_np($A14,YEAR($B14),$B14,180) | F14: =[1]!s_west_stdnetprofit($A14,YEAR($B14),$B14,180,1000000) | G14: =[1]!s_west_mediannetprofit($A14,YEAR($B14),$B14,180,1000000) | H14: =[1]!s_west_netprofit($A14,YEAR($B14)+1,$B14,180,1000000) | I14: =[1]!s_west_eps($A14,YEAR($B14)+1,$B14,180) | J14: =[1]!s_west_instnum_np($A14,YEAR($B14)+1,$B14,180) | K14: =[1]!s_west_stdnetprofit($A14,YEAR($B14)+1,$B14,180,1000000) | L14: =[1]!s_west_mediannetprofit($A14,YEAR($B14)+1,$B14,180,1000000) | M14: =[1]!s_dq_close($A14,$B14,3) | N14: =[1]!s_dq_volume($A14,$B14) | O14: =[1]!s_dq_amount($A14,$B14) | P14: =[1]!s_dq_turn($A14,$B14) | Q14: =[1]!s_val_pe_ttm($A14,$B14) | R14: =[1]!S_VAL_MV($A14,$B14,100000000)
... A102: =_meta!A101 | B102: =$B$1 | C102: =[1]!s_west_netprofit($A102,YEAR($B102),$B102,180,1000000) | D102: =[1]!s_west_eps($A102,YEAR($B102),$B102,180) | E102: =[1]!s_west_instnum_np($A102,YEAR($B102),$B102,180) | F102: =[1]!s_west_stdnetprofit($A102,YEAR($B102),$B102,180,1000000) | G102: =[1]!s_west_mediannetprofit($A102,YEAR($B102),$B102,180,1000000) | H102: =[1]!s_west_netprofit($A102,YEAR($B102)+1,$B102,180,1000000) | I102: =[1]!s_west_eps($A102,YEAR($B102)+1,$B102,180) | J102: =[1]!s_west_instnum_np($A102,YEAR($B102)+1,$B102,180) | K102: =[1]!s_west_stdnetprofit($A102,YEAR($B102)+1,$B102,180,1000000) | L102: =[1]!s_west_mediannetprofit($A102,YEAR($B102)+1,$B102,180,1000000) | M102: =[1]!s_dq_close($A102,$B102,3) | N102: =[1]!s_dq_volume($A102,$B102) | O102: =[1]!s_dq_amount($A102,$B102) | P102: =[1]!s_dq_turn($A102,$B102) | Q102: =[1]!s_val_pe_ttm($A102,$B102) | R102: =[1]!S_VAL_MV($A102,$B102,100000000)

Sheet static_info
A1: 基准日→ | B1: =TODAY()
A2: 代码 | B2: 公司名 | C2: 申万一级 | D2: 申万二级 | E2: 上市日期
A3: =_meta!A2 | B3: =[1]!S_INFO_NAME($A3) | C3: =[1]!hks_info_industry_sw_2021($A3,$B$1,1) | D3: =[1]!hks_info_industry_sw_2021($A3,$B$1,2) | E3: =[1]!s_ipo_listeddate($A3)
A4: =_meta!A3 | B4: =[1]!S_INFO_NAME($A4) | C4: =[1]!hks_info_industry_sw_2021($A4,$B$1,1) | D4: =[1]!hks_info_industry_sw_2021($A4,$B$1,2) | E4: =[1]!s_ipo_listeddate($A4)
A5: =_meta!A4 | B5: =[1]!S_INFO_NAME($A5) | C5: =[1]!hks_info_industry_sw_2021($A5,$B$1,1) | D5: =[1]!hks_info_industry_sw_2021($A5,$B$1,2) | E5: =[1]!s_ipo_listeddate($A5)
A6: =_meta!A5 | B6: =[1]!S_INFO_NAME($A6) | C6: =[1]!hks_info_industry_sw_2021($A6,$B$1,1) | D6: =[1]!hks_info_industry_sw_2021($A6,$B$1,2) | E6: =[1]!s_ipo_listeddate($A6)
A7: =_meta!A6 | B7: =[1]!S_INFO_NAME($A7) | C7: =[1]!hks_info_industry_sw_2021($A7,$B$1,1) | D7: =[1]!hks_info_industry_sw_2021($A7,$B$1,2) | E7: =[1]!s_ipo_listeddate($A7)
A8: =_meta!A7 | B8: =[1]!S_INFO_NAME($A8) | C8: =[1]!hks_info_industry_sw_2021($A8,$B$1,1) | D8: =[1]!hks_info_industry_sw_2021($A8,$B$1,2) | E8: =[1]!s_ipo_listeddate($A8)
A9: =_meta!A8 | B9: =[1]!S_INFO_NAME($A9) | C9: =[1]!hks_info_industry_sw_2021($A9,$B$1,1) | D9: =[1]!hks_info_industry_sw_2021($A9,$B$1,2) | E9: =[1]!s_ipo_listeddate($A9)
A10: =_meta!A9 | B10: =[1]!S_INFO_NAME($A10) | C10: =[1]!hks_info_industry_sw_2021($A10,$B$1,1) | D10: =[1]!hks_info_industry_sw_2021($A10,$B$1,2) | E10: =[1]!s_ipo_listeddate($A10)
A11: =_meta!A10 | B11: =[1]!S_INFO_NAME($A11) | C11: =[1]!hks_info_industry_sw_2021($A11,$B$1,1) | D11: =[1]!hks_info_industry_sw_2021($A11,$B$1,2) | E11: =[1]!s_ipo_listeddate($A11)
A12: =_meta!A11 | B12: =[1]!S_INFO_NAME($A12) | C12: =[1]!hks_info_industry_sw_2021($A12,$B$1,1) | D12: =[1]!hks_info_industry_sw_2021($A12,$B$1,2) | E12: =[1]!s_ipo_listeddate($A12)
A13: =_meta!A12 | B13: =[1]!S_INFO_NAME($A13) | C13: =[1]!hks_info_industry_sw_2021($A13,$B$1,1) | D13: =[1]!hks_info_industry_sw_2021($A13,$B$1,2) | E13: =[1]!s_ipo_listeddate($A13)
A14: =_meta!A13 | B14: =[1]!S_INFO_NAME($A14) | C14: =[1]!hks_info_industry_sw_2021($A14,$B$1,1) | D14: =[1]!hks_info_industry_sw_2021($A14,$B$1,2) | E14: =[1]!s_ipo_listeddate($A14)
... A102: =_meta!A101 | B102: =[1]!S_INFO_NAME($A102) | C102: =[1]!hks_info_industry_sw_2021($A102,$B$1,1) | D102: =[1]!hks_info_industry_sw_2021($A102,$B$1,2) | E102: =[1]!s_ipo_listeddate($A102)

Sheet benchmark
A1: 观测日期→ | B1: =TODAY()
A2: 代码 | B2: 收盘 | C2: 名称
A3: HSTECH.HI | B3: =[1]!s_dq_close($A3,$B$1,3) | C3: 恒生科技指数
A4: HSI.HI | B4: =[1]!s_dq_close($A4,$B$1,3) | C4: 恒生指数
